{"_step":0,"train/exact_match":53.75,"train/f1":65.08333333333333,"train/global_step":0,"_timestamp":1.7297465251144104e+09,"_wandb":{"runtime":23},"_runtime":23.268225219}