{"_runtime":28.617412377,"_step":0,"train/exact_match":55.416666666666664,"train/f1":65.7662037037037,"train/global_step":0,"_wandb":{"runtime":28},"_timestamp":1.7297234597221973e+09}